User ID,Device Model,Operating System,App Usage Time (min/day),Screen On Time (hours/day),Battery Drain (mAh/day),Number of Apps Installed,Data Usage (MB/day),Age,Gender,User Behavior Class
1,Samsung Galaxy S21,Android,580,8.710654478,3067.110978,87,936.0441794,52,Male,5
2,Xiaomi Mi 11,Android,424,7.640538191,1895.364099,65,2910.016467,52,Male,4
3,OnePlus 9,Android,236,3.882955235,1408.256001,,2100.828654,21,Female,3
4,iPhone 12,iOS,488,10.13747695,3395.776704,92,536.309326,48,Female,5
5,Xiaomi Mi 11,Android,168,2.844958919,882.1672791,22,451.9039986,50,Female,2
6,Xiaomi Mi 11,Android,278,5.334568591,1452.433476,48,115.3051563,43,Female,3
7,Google Pixel 5,Android,66,1.592211022,404.6962651,14,1348.103046,32,Male,1
8,Google Pixel 5,Android,223,4.904972557,1082.112107,56,1278.851605,33,Female,3
9,Google Pixel 5,Android,516,9.502403247,2523.499749,83,917.4785651,53,Female,5
10,OnePlus 9,Android,387,5.540372552,1902.187511,61,162.8349945,54,Male,4
11,iPhone 12,iOS,173,4.525604877,520.8089927,23,254.4309939,32,Male,2
12,iPhone 12,iOS,495,9.578083173,3344.840646,91,938.5693337,31,Male,5
13,Samsung Galaxy S21,,151,2.19824146,1023.259174,25,785.0821646,,Male,2
14,OnePlus 9,Android,425,15.32195004,1623.80541,72,132.7864092,53,Female,4
15,Xiaomi Mi 11,Android,320,7.654282419,1817.49415,69,1213.682614,52,Female,4
16,Samsung Galaxy S21,Android,466,7.805013935,2364.697941,73,225.4013221,54,Male,4
17,iPhone 12,iOS,225,4.544990843,1470.935089,48,3107.496976,56,Male,3
18,iPhone 12,iOS,555,11.82888163,2779.655179,90,780.5250776,55,Female,5
19,iPhone 12,iOS,132,4.032754099,620.9825502,28,269.4066347,53,Male,2
20,Xiaomi Mi 11,Android,545,11.51733828,2614.749504,87,2192.311112,21,Female,
21,,,88,0.969803784,386.4207154,12,736.1772908,31,Female,1
22,OnePlus 9,Android,228,4.423804358,1695.942254,58,230.2416036,56,Male,3
23,Xiaomi Mi 11,,540,9.947764114,3083.219905,90,334.0022979,37,Male,5
24,Google Pixel 5,Android,99,2.643770962,729.2797815,36,1808.499067,,Female,2
25,Xiaomi Mi 11,Android,37,3.621130706,386.248365,18,592.0532988,19,Female,1
26,Samsung Galaxy S21,Android,388,5.744300364,1705.938277,71,1085.096976,45,Female,4
27,iPhone 12,iOS,342.7008479,4.283569833,913.5530178,36,688.1323503,53,Male,2
28,Samsung Galaxy S21,Android,199,5.413930931,1788.411155,57,443.1287491,55,Male,3
29,OnePlus 9,Android,546,9.501705207,2625.776616,81,270.7106387,24,Male,5
30,OnePlus 9,Android,516,12.69052846,2109.095819,82,1358.523134,28,Female,5
31,Samsung Galaxy S21,Android,37,0.969308017,434.010725,18,492.421345,46,Female,1
32,,Android,457,6.171038138,2307.617619,66,1591.613075,22,Male,4
33,iPhone 12,iOS,541,7.639609694,3322.811739,89,1646.224906,42,Female,5
34,Samsung Galaxy S21,Android,,0.553996455,312.80632,18,,42,Male,1
35,Samsung Galaxy S21,Android,357,8.175471331,2525.861823,74,1422.758238,22,Female,4
36,Xiaomi Mi 11,Android,190,6.093299714,1424.420473,58,688.0458146,42,Male,3
37,Samsung Galaxy S21,Android,481,11.39179909,2838.050662,86,125.1557381,18,Male,5
38,Xiaomi Mi 11,Android,94,1.729080394,1088.956515,33,1982.67609,58,Male,2
39,Samsung Galaxy S21,Android,398,5.831175728,4377.531743,77,1219.094068,23,Male,4
40,Samsung Galaxy S21,Android,78,2.57924234,286.4482271,17,1018.331764,51,Female,1
41,iPhone 12,iOS,559,8.695094136,2150.876474,84,1486.311553,22,Female,5
42,iPhone 12,iOS,,10.70442274,3464.493251,87,1513.631759,56,Male,5
43,Xiaomi Mi 11,Android,126,1.867686207,862.7224157,32,1148.983517,35,Female,2
44,iPhone 12,iOS,389,15.62939898,2266.617338,76,1416.359164,53,Male,4
45,OnePlus 9,Android,589,8.151755881,3276.733422,82,316.8211687,49,Male,5
46,Xiaomi Mi 11,Android,420,8.465905802,2401.98878,74,206.0283134,24,Female,4
47,iPhone 12,iOS,573,11.29558347,3012.713384,96,495.3236064,33,Female,5
48,OnePlus 9,Android,141,4.122897698,749.1429202,,992.9229472,34,Male,2
49,iPhone 12,iOS,172,2.687428452,1197.356316,22,1843.227774,41,Male,2
50,OnePlus 9,Android,389,5.273832249,2437.170114,67,749.905718,30,Male,4
51,Google Pixel 5,Android,580,11.17076652,2244.271338,84,1201.68826,36,Female,5
52,Xiaomi Mi 11,Android,316,6.314060865,1788.149216,68,1637.087173,59,Male,4
53,Google Pixel 5,Android,228,5.12419386,1848.754973,47,987.5498866,42,Female,3
54,Xiaomi Mi 11,Android,51,1.930439299,567.5030094,11,,29,Female,1
55,Google Pixel 5,Android,53,1.465350848,354.332975,17,1269.702938,34,Female,1
56,OnePlus 9,Android,105,3.449420794,781.6697253,35,189.9139363,46,Male,2
57,iPhone 12,iOS,155,3.212908369,1134.424261,39,1384.864944,51,Male,2
58,Samsung Galaxy S21,Android,82,1.036223281,620.4211751,13,3105.259584,28,Female,1
59,iPhone 12,iOS,581,8.18237656,2746.978762,99,694.0309525,58,Male,5
60,OnePlus 9,Android,183,5.099036814,1165.787084,45,1318.275417,19,Male,3
61,iPhone 12,iOS,176,4.231740598,769.9454679,36,339.4048072,47,Female,2
62,OnePlus 9,Android,243,4.17514734,1218.311389,47,431.6162526,43,,3
63,Google Pixel 5,Android,474,5.915501345,1821.322999,68,150.3377564,24,Male,4
64,Samsung Galaxy S21,Android,328,6.244432564,1682.087162,72,642.3365198,24,Male,4
65,Xiaomi Mi 11,Android,505,9.396550769,2858.049696,91,904.5080183,35,Male,5
66,iPhone 12,iOS,416,6.316010332,2225.141507,71,148.4708605,,Female,4
67,Samsung Galaxy S21,Android,303,6.957394519,2539.542869,66,,34,Male,4
68,iPhone 12,iOS,41,1.180837031,354.3601527,16,1586.196881,34,Male,1
69,OnePlus 9,Android,191,5.268070801,,45,919.1198892,54,Male,3
70,OnePlus 9,Android,424,6.992026985,2074.351733,75,308.2580015,36,Male,4
71,OnePlus 9,Android,183,3.885439943,1386.680955,45,200.6575239,19,Male,3
72,Xiaomi Mi 11,Android,555,10.82190051,2281.677323,83,762.9387594,,Male,5
73,OnePlus 9,Android,126,2.828797453,1258.286003,28,947.7811289,25,Male,2
74,iPhone 12,iOS,334,7.479542045,1805.973129,77,2492.807375,40,Female,4
75,iPhone 12,iOS,341,6.499784104,2702.402906,68,906.6923049,32,Female,4
76,Google Pixel 5,Android,,3.11989761,704.5701278,29,244.2681862,30,Female,2
77,Xiaomi Mi 11,Android,197,5.595399094,1857.273922,59,766.5523998,25,Male,3
78,Xiaomi Mi 11,Android,258,4.500417742,1871.463089,56,2476.479305,40,Female,3
79,Samsung Galaxy S21,Android,451,5.717248335,1717.20726,76,240.5928949,25,Female,4
80,OnePlus 9,Android,433,6.409084862,2092.48736,75,855.7460319,32,Male,4
81,iPhone 12,iOS,228,4.238206076,1754.144176,46,1691.92052,57,Female,3
82,Xiaomi Mi 11,Android,39,2.296356098,454.1648855,11,2434.502798,26,Female,1
83,Samsung Galaxy S21,Android,532,10.41236095,2489.89791,83,408.2433852,53,Female,5
84,iPhone 12,iOS,68,1.665119104,446.3619448,14,668.9296388,30,Male,1
85,OnePlus 9,Android,458,6.114228609,2367.861555,67,1274.762334,31,Female,4
86,Xiaomi Mi 11,Android,76,0.517123133,524.9304701,14,1043.961296,31,Female,1
87,Xiaomi Mi 11,Android,540,7.945799645,2736.608567,98,997.5652681,49,Female,5
88,Xiaomi Mi 11,Android,34,,572.5056608,14,1812.583984,54,Female,1
89,Xiaomi Mi 11,Android,154,3.116860024,700.8426399,32,430.1137734,,Male,2
90,Xiaomi Mi 11,Android,463,7.646910609,2392.55897,68,1690.738601,43,Female,4
91,Samsung Galaxy S21,Android,224,5.87097335,1956.736326,57,341.0634305,59,Male,3
92,OnePlus 9,Android,100,2.534731559,886.0270373,21,763.2555265,25,Male,2
93,iPhone 12,iOS,130,1.855564562,505.0874092,21,1789.918281,30,Female,2
94,Google Pixel 5,Android,34,1.790412286,,10,115.527519,20,Female,1
95,OnePlus 9,Android,531,9.259184156,2886.145742,99,77.85505178,45,Female,5
96,iPhone 12,iOS,432,7.888243064,1775.281334,63,265.8760541,59,Female,4
97,Xiaomi Mi 11,Android,438,7.341479712,1835.445116,64,1444.19364,49,Female,4
98,Samsung Galaxy S21,Android,473,7.575226663,2241.401043,62,391.4157196,44,Male,4
99,OnePlus 9,Android,53,1.859857536,412.3651189,14,259.3528875,54,Female,1
100,iPhone 12,iOS,227,5.680676251,1318.037971,46,1110.469724,59,Male,
101,Xiaomi Mi 11,Android,122,4.187701505,848.2908117,35,418.9360125,59,Female,2
102,OnePlus 9,Android,216,5.256694759,1322.088451,41,282.6662941,39,,3
103,Samsung Galaxy S21,Android,292,4.065537958,1686.787536,54,1334.843016,59,Male,3
104,Samsung Galaxy S21,Android,66,2.282458404,359.0300309,16,1550.160792,39,Male,1
105,Google Pixel 5,Android,116,2.618217523,785.4201311,39,2696.610141,40,Female,2
106,OnePlus 9,Android,215,4.983928164,1564.90925,41,1243.883289,47,Male,3
107,Google Pixel 5,Android,508,10.90462718,2313.609534,81,899.839755,51,Male,5
108,Google Pixel 5,Android,195,4.953262877,1567.588673,48,1359.690518,30,Male,3
109,Xiaomi Mi 11,Android,522,11.00860437,3336.444064,85,1070.912268,28,Female,5
110,OnePlus 9,Android,48,2.906414198,605.7954799,18,126.319045,24,Female,1
111,Xiaomi Mi 11,Android,260,5.417642586,,44,436.2295997,37,Female,3
112,Google Pixel 5,Android,82,1.114105035,574.0879821,16,1857.601188,29,Female,1
113,Google Pixel 5,Android,314,6.62044352,1938.009214,63,672.8269088,19,Male,4
114,OnePlus 9,Android,49,1.025589863,670.1762183,10,556.4152854,29,Male,1
115,Xiaomi Mi 11,Android,138,2.582969075,744.5775384,21,1178.790714,56,Female,2
116,Google Pixel 5,Android,84,0.814235485,,10,1122.555981,50,Male,1
117,Samsung Galaxy S21,Android,452,7.077248192,1866.872223,64,2147.29757,45,Female,4
118,Xiaomi Mi 11,Android,41,0.420497079,683.5252156,10,634.1843105,22,Male,1
119,iPhone 12,iOS,170,2.529063497,703.0209751,21,478.5587772,25,Female,
120,OnePlus 9,Android,201,4.412148301,1566.279798,59,531.9384584,24,Male,3
121,OnePlus 9,Android,553,8.708708043,2250.709841,89,1229.879027,51,Male,5
122,iPhone 12,iOS,188,5.581549101,1392.012201,45,260.8069659,35,Male,3
123,iPhone 12,iOS,81,1.430242603,394.4944732,13,359.5162484,48,Male,
124,iPhone 12,iOS,64,1.841213608,708.0518103,19,1757.047151,25,Male,1
125,iPhone 12,iOS,555,8.565926503,2425.458632,97,173.3170092,22,Male,5
126,Xiaomi Mi 11,Android,197,3.692918879,1862.689848,44,254.4989356,43,Female,3
127,OnePlus 9,Android,156,3.568804701,988.3567093,38,322.4397488,57,Female,2
128,Google Pixel 5,Android,278,4.904964303,1605.871544,47,166.9112243,40,Female,3
129,iPhone 12,iOS,143,2.768549284,1077.191891,26,589.6904003,45,Female,2
130,Samsung Galaxy S21,Android,275,4.994710032,1422.031806,48,3092.831194,55,Male,3
131,iPhone 12,iOS,559,8.626889681,2552.217591,84,1105.237911,22,Female,5
132,Samsung Galaxy S21,Android,350,6.710239619,2066.808618,66,1550.132459,21,Female,4
133,Samsung Galaxy S21,Android,133,4.24020388,666.6332782,38,173.7358126,25,Male,2
134,Xiaomi Mi 11,Android,158,3.830440785,880.2609158,36,1337.630123,32,Male,2
135,Samsung Galaxy S21,Android,517,11.84580672,2250.634008,86,1199.64669,26,Male,5
136,Google Pixel 5,Android,561,10.58522913,2961.648473,,875.810839,22,Male,5
137,Google Pixel 5,Android,176,3.603531213,959.599205,30,2221.413053,40,Female,2
138,Google Pixel 5,Android,123,3.263843718,753.0598269,39,1345.076463,18,Male,2
139,OnePlus 9,Android,576,10.95224115,2437.876949,83,304.007621,33,Male,5
140,Xiaomi Mi 11,Android,187,5.595879689,2051.371869,55,256.3570032,50,Female,3
141,Xiaomi Mi 11,Android,570,13.64273712,2929.989588,98,2220.922295,49,Female,5
142,,Android,156.6632448,0.884892656,484.8506976,10,1952.560737,42,Female,1
143,Samsung Galaxy S21,Android,230,3.244617357,1299.276942,51,715.9478932,25,Female,3
144,OnePlus 9,Android,73,1.097676264,470.5786694,19,261.586489,30,Female,1
145,OnePlus 9,Android,216,3.205925606,1471.841214,59,1297.717003,58,Male,3
146,Samsung Galaxy S21,Android,304,7.248113561,2286.080694,79,511.4177909,51,Male,4
147,Xiaomi Mi 11,Android,455,5.204250564,1591.78772,72,771.7314715,42,Male,4
148,Google Pixel 5,Android,71,2.873064297,666.507476,10,1853.229682,43,Female,1
149,OnePlus 9,Android,448,8.054220115,1924.225975,66,,28,Male,4
150,Samsung Galaxy S21,Android,96,3.276286056,1030.57961,39,2891.823306,48,Female,2
151,OnePlus 9,Android,95,4.100119078,840.9617431,26,2774.882718,41,Female,2
152,Xiaomi Mi 11,Android,330,7.072757268,2053.661286,77,1248.781244,21,Female,4
153,Xiaomi Mi 11,Android,245,5.793562062,1072.682294,52,112.156544,29,Male,3
154,iPhone 12,iOS,493,11.07317476,2292.328817,99,2731.449227,39,Male,5
155,Google Pixel 5,Android,404,5.638644587,2394.933371,77,324.1085761,18,Male,4
156,OnePlus 9,Android,265,4.469017211,1935.287508,51,593.9988328,55,Female,3
157,Xiaomi Mi 11,Android,238,4.462542795,1271.350388,45,3035.823532,27,Male,3
158,OnePlus 9,Android,30,0.916754632,515.085029,16,1019.873755,35,Male,1
159,iPhone 12,,193,4.227028479,1346.466058,49,92.63810002,32,Female,3
160,Xiaomi Mi 11,Android,272,5.416938449,1665.977146,45,1473.29699,19,Female,3
161,Google Pixel 5,Android,198.2769192,1.929441035,579.4598298,16,484.1177577,26,Female,1
162,OnePlus 9,Android,539,8.645933843,2236.119442,92,1089.808201,41,Male,5
163,Google Pixel 5,Android,458,5.671274786,2127.367808,63,1347.086277,31,Female,
164,iPhone 12,iOS,231,4.961473284,1587.327982,48,2239.970591,29,Female,3
165,Google Pixel 5,Android,405,6.129168618,2056.108403,61,110.5050118,51,Male,4
166,Xiaomi Mi 11,Android,309,8.267714541,1924.318814,77,659.2321895,57,Female,4
167,Google Pixel 5,Android,291,5.603308939,1476.249093,43,1883.9112,49,Female,3
168,OnePlus 9,Android,311,8.173272256,2559.662569,69,1664.025604,36,Male,4
169,Samsung Galaxy S21,Android,412,7.133049128,1596.058524,78,581.4685581,19,Female,4
170,iPhone 12,iOS,32,1.504027271,464.6289022,12,377.7024762,56,Male,1
171,Google Pixel 5,Android,361,8.145487573,2278.856359,65,736.2038365,55,Male,4
172,OnePlus 9,Android,52,1.202032447,327.1432125,14,848.374859,24,Female,1
173,iPhone 12,iOS,75,0.847150053,429.8313162,13,296.8034373,43,Male,1
174,Samsung Galaxy S21,Android,160,2.908460932,614.3981607,31,278.7323665,27,Female,2
175,Google Pixel 5,Android,534,11.16053715,2988.078211,90,692.7061055,51,Male,5
176,iPhone 12,iOS,188,3.646418722,1486.221394,47,382.0052202,34,Male,3
177,Samsung Galaxy S21,Android,379,7.39242382,1597.454081,68,135.9037761,53,Female,4
178,iPhone 12,iOS,544,8.384898808,3083.069189,83,443.3259137,47,Female,5
179,OnePlus 9,Android,211,4.929474512,1666.080059,42,334.8623776,56,Female,3
180,OnePlus 9,Android,221,4.657300536,1375.952348,46,2301.095182,20,Male,3
181,iPhone 12,iOS,527,10.62725833,2148.779905,82,1191.721268,27,Female,5
182,Xiaomi Mi 11,Android,255,5.61987101,1571.821622,42,1703.495023,21,Male,3
183,Google Pixel 5,Android,55,1.529476458,342.8218391,19,287.2085143,30,Male,1
184,Xiaomi Mi 11,Android,500,11.81733364,,84,1684.900085,27,Male,5
185,Samsung Galaxy S21,Android,189,3.96559702,1586.962597,59,137.5979109,57,Male,3
186,Samsung Galaxy S21,Android,172,4.305379058,1054.63271,32,1794.614102,21,Female,2
187,iPhone 12,iOS,198,5.75817877,1785.798882,53,2289.140501,53,Male,3
188,iPhone 12,iOS,32,1.613075035,458.5814303,18,329.3891452,22,Male,1
189,Google Pixel 5,,94,2.226079244,955.2029478,38,361.8862878,25,Male,2
190,Xiaomi Mi 11,Android,453,6.789574898,2075.107026,65,771.5984784,41,Female,4
191,OnePlus 9,Android,591,11.72856622,2986.558835,92,724.7873725,52,Male,5
192,iPhone 12,iOS,291,4.085624369,1069.847277,51,658.2079209,55,Female,3
193,Samsung Galaxy S21,Android,314,6.668584631,1979.616446,64,1805.680569,47,Female,4
194,Samsung Galaxy S21,Android,152,2.542753593,730.824518,22,425.1241753,22,Female,2
195,Xiaomi Mi 11,Android,166,3.648017089,930.8139952,28,1590.800591,25,Male,2
196,Xiaomi Mi 11,Android,,8.642700245,1810.262174,76,306.9261119,54,Female,4
197,Xiaomi Mi 11,Android,83,1.434972753,523.8925524,10,296.3113507,32,Female,1
198,OnePlus 9,Android,510,10.59318122,2253.309845,90,1136.552838,47,Male,5
199,iPhone 12,iOS,281,5.031742732,1365.671384,59,1538.263068,29,Male,3
200,iPhone 12,iOS,205.6205088,1.686645282,504.9182818,16,328.7592194,56,Female,1
201,OnePlus 9,Android,543,10.66363129,2749.108413,82,1285.451773,31,Male,5
202,Samsung Galaxy S21,Android,301,6.198144449,1982.033184,75,1961.91374,45,Male,4
203,Google Pixel 5,Android,,9.565971913,2486.449531,98,766.1208029,38,Female,5
204,iPhone 12,iOS,331,6.437102536,2441.073009,66,692.9379315,53,Male,4
205,OnePlus 9,Android,339,8.655211819,2306.424175,66,881.5359593,47,Male,4
206,Google Pixel 5,Android,554,11.1339017,3004.107118,83,2039.145273,34,Female,5
207,OnePlus 9,Android,44,1.431049092,534.8577268,17,882.7912274,26,Male,1
208,Xiaomi Mi 11,Android,64,0.731442437,578.4218153,14,255.608143,43,Female,1
209,Xiaomi Mi 11,Android,219,5.50154743,1596.879139,42,235.5386452,50,Female,3
210,OnePlus 9,Android,452,7.682185898,2414.497491,77,1175.759278,55,Female,4
211,Samsung Galaxy S21,Android,152,3.495663825,1179.112499,32,477.4332043,18,Male,2
212,Samsung Galaxy S21,Android,120,2.630405737,782.9183064,39,,43,Male,2
213,Xiaomi Mi 11,Android,31,0.65633101,694.6028153,11,1299.482581,50,Female,1
214,Google Pixel 5,Android,35,0.797591287,,10,718.7206241,58,Male,1
215,Samsung Galaxy S21,Android,463,6.346473722,1975.712038,73,1292.642132,54,Male,4
216,iPhone 12,iOS,218,4.221954034,1654.684696,46,269.811578,59,Female,3
217,iPhone 12,iOS,257,3.946045779,1724.461914,57,507.6244333,55,Male,3
218,OnePlus 9,Android,215,6.368573208,1821.022946,47,288.6309924,24,Male,3
219,Samsung Galaxy S21,Android,115,3.084357803,675.7546537,26,113.4409538,52,Female,2
220,iPhone 12,iOS,381,7.837858882,1776.27137,66,1380.173291,37,Female,4
221,Xiaomi Mi 11,Android,207,6.480570683,1703.858197,52,861.4836912,38,Male,3
222,OnePlus 9,Android,501,12.22835813,2709.752722,88,502.4925092,49,Male,5
223,iPhone 12,iOS,165,1.561667004,805.9873201,35,1235.328856,34,Male,2
224,Samsung Galaxy S21,Android,572,10.9182888,2742.16389,91,321.6811175,57,Female,5
225,Xiaomi Mi 11,Android,420,7.226018545,2433.615864,65,829.2635512,35,Male,4
226,,iOS,131,4.34513483,787.1005546,34,1236.070587,57,Female,2
227,Samsung Galaxy S21,Android,193,5.574452791,1545.533787,51,221.757578,31,Female,3
228,Xiaomi Mi 11,Android,39,1.293555743,539.765427,16,811.3786719,37,Male,1
229,OnePlus 9,Android,234,4.296444086,1919.462076,55,867.5106343,,Male,3
230,Xiaomi Mi 11,Android,39,2.364282928,369.6218015,11,374.6149284,19,Male,1
231,iPhone 12,iOS,499,9.194507027,3299.003998,81,1394.480934,,Female,5
232,OnePlus 9,Android,106,2.880307103,804.8726014,32,128.7755629,27,Male,2
233,OnePlus 9,Android,41,2.298810731,335.9675614,18,249.2122908,43,Female,1
234,Google Pixel 5,Android,416,6.267059696,2645.098855,71,699.3290784,47,Male,4
235,iPhone 12,iOS,289,4.879432916,1435.678842,45,2365.532199,29,Male,3
236,,Android,563.0085359,6.452117995,1457.694426,52,735.3311648,34,Female,3
237,Google Pixel 5,Android,292,5.860620073,1123.131036,46,1304.526049,37,Female,3
238,Google Pixel 5,Android,503,9.554896577,2849.252067,84,2155.451282,39,Female,5
239,Google Pixel 5,Android,589,8.926143609,2445.400388,84,2241.40525,45,Female,5
240,Google Pixel 5,Android,230,4.355590436,1623.645556,52,257.9636637,54,Male,3
241,OnePlus 9,Android,42,0.654538394,,13,741.5332464,29,Female,1
242,Google Pixel 5,Android,411,7.175634503,1480.05873,70,612.3930826,43,Male,4
243,Google Pixel 5,Android,478,7.302540837,2115.388472,69,939.6224525,43,Female,4
244,iPhone 12,iOS,445,7.582623161,2077.649873,78,711.9675262,23,Male,4
245,iPhone 12,iOS,549,10.36031891,3141.184214,87,1373.005781,56,Male,5
246,Xiaomi Mi 11,Android,237,4.454658703,1534.470295,,266.8096408,24,Female,3
247,iPhone 12,iOS,321,8.696944627,1896.308204,64,800.7124159,45,Male,4
248,iPhone 12,iOS,69,1.545805486,596.0102225,10,1252.207215,51,Female,1
249,Google Pixel 5,Android,46,2.869884645,391.9468784,14,318.1742767,58,Male,1
250,Samsung Galaxy S21,Android,567,11.63244348,2844.292969,89,1158.316686,39,Male,5
251,,Android,563,8.080220397,3396.834389,85,1569.510851,25,Male,5
252,Google Pixel 5,Android,262,6.428824247,1624.052308,59,112.0796176,54,Female,3
253,iPhone 12,iOS,424,7.208516401,2233.085139,75,983.9948479,42,Male,4
254,Google Pixel 5,Android,75,1.933590766,610.5074365,13,858.1279774,58,Female,1
255,Samsung Galaxy S21,Android,423,6.645648353,1983.468483,65,657.8924531,23,Female,4
256,iPhone 12,iOS,306,6.283645228,2245.725952,70,419.886597,,Male,4
257,OnePlus 9,Android,133,1.909745851,820.2006632,31,786.700504,32,Male,2
258,Samsung Galaxy S21,Android,378,7.095827216,1981.352866,61,335.1527609,58,Male,4
259,Samsung Galaxy S21,Android,564,10.45273561,2705.562543,83,1022.604659,34,Female,5
260,Xiaomi Mi 11,Android,78,1.277799799,521.4189781,18,409.9081053,49,Female,1
261,Xiaomi Mi 11,Android,553,10.14183215,2457.731669,82,223.5530408,44,Male,5
262,Google Pixel 5,Android,69,1.867961586,428.395659,16,2692.890543,27,Male,1
263,OnePlus 9,Android,257,4.602756667,2008.973947,46,1817.43678,52,Female,3
264,iPhone 12,iOS,134,2.784760172,1325.842631,24,285.9022712,35,Male,2
265,Xiaomi Mi 11,Android,78,0.659864462,497.1404918,14,857.1080535,27,Female,1
266,Xiaomi Mi 11,Android,505,9.47260313,2640.185604,82,221.4536376,31,Male,5
267,Xiaomi Mi 11,Android,563,11.56856562,2825.534752,92,231.5332878,34,Female,5
268,Xiaomi Mi 11,Android,597,9.88267217,3389.746525,91,1385.97393,34,Female,5
269,,Android,444,6.166730681,2651.85253,73,411.3640333,25,Female,4
270,iPhone 12,iOS,469,6.966473626,2616.37343,67,152.6732012,34,Female,4
271,OnePlus 9,Android,329,8.262892399,2135.449824,72,391.5447641,27,Female,4
272,Xiaomi Mi 11,Android,229,6.689252109,1484.227271,43,728.66105,23,Female,3
273,OnePlus 9,Android,342,6.515840321,1637.547668,71,680.2072387,26,Female,4
274,iPhone 12,iOS,516,9.830720291,2856.467742,98,2049.968965,31,Male,5
275,Samsung Galaxy S21,Android,111,4.371564518,601.2445617,26,423.0544726,39,Female,2
276,iPhone 12,iOS,130,2.20439565,658.3260202,21,1475.206806,30,Female,2
277,OnePlus 9,Android,284,4.306758476,1562.216833,56,1175.151395,51,Male,3
278,Samsung Galaxy S21,Android,524,8.899895253,2492.530664,88,572.4459273,20,Female,5
279,Xiaomi Mi 11,Android,137,4.245917963,763.1766657,31,142.1407049,34,Female,2
280,iPhone 12,iOS,178,4.094359839,765.8181848,37,2158.389149,51,Female,2
281,iPhone 12,iOS,220,5.422722143,1410.972466,49,424.7415028,27,,3
282,Samsung Galaxy S21,Android,535,12.16932609,3068.716697,99,1578.683645,50,Male,5
283,Samsung Galaxy S21,Android,148,2.189142434,683.2396245,34,1677.268363,27,Male,2
284,,Android,64,1.180638456,640.0586962,13,633.1160848,53,Male,1
285,Google Pixel 5,Android,393,5.950870889,2174.992945,67,1578.97603,40,Male,4
286,Google Pixel 5,Android,404,6.461353422,1931.669423,77,988.5280484,18,Male,4
287,Google Pixel 5,Android,59,1.667064549,,10,1546.923082,36,Female,1
288,Google Pixel 5,Android,261,5.846789117,1636.054464,56,1945.883603,52,Female,3
289,Google Pixel 5,Android,225,3.977211184,1421.175171,52,353.7948122,20,Female,3
290,Xiaomi Mi 11,Android,85,1.106601831,366.4059216,12,2614.578759,47,Male,1
291,iPhone 12,iOS,75,1.215841451,405.1356402,13,,18,Male,1
292,Samsung Galaxy S21,Android,132,4.018917928,694.8124046,25,1141.909511,41,Male,2
293,OnePlus 9,Android,408,6.422191567,2180.15031,63,1525.685384,47,Female,4
294,Google Pixel 5,Android,468,7.738495777,2087.70307,64,208.1288638,22,Male,4
295,iPhone 12,iOS,,3.539258067,704.4059845,37,723.9232983,35,Male,2
296,iPhone 12,iOS,387,5.638774742,2331.97864,61,1112.938393,19,Female,4
297,iPhone 12,iOS,524,11.69058508,2010.55572,90,1124.698684,29,Female,5
298,Xiaomi Mi 11,Android,472,7.42624858,2258.874779,61,941.2525961,52,Male,4
299,Xiaomi Mi 11,Android,174,2.20189457,1249.032711,23,234.870673,20,Female,2
300,OnePlus 9,Android,,1.319449787,,16,1877.354686,26,Female,1
301,Xiaomi Mi 11,Android,120,4.04421054,869.6503948,36,348.5468797,44,Male,2
302,Samsung Galaxy S21,Android,208,5.161298404,1516.443765,45,281.8966885,55,Male,3
303,OnePlus 9,Android,258,3.582586869,1931.188108,59,1827.110673,41,Female,3
304,OnePlus 9,Android,558,7.691781628,2078.384862,97,821.4991804,22,Female,5
305,,iOS,334,6.392928508,2859.246531,68,1566.967946,46,Female,4
306,Google Pixel 5,Android,202,5.520315211,1601.08254,49,1309.171089,45,Female,3
307,Xiaomi Mi 11,Android,320,7.179220793,2425.123644,69,704.177981,52,Female,4
308,Samsung Galaxy S21,Android,217,4.778992225,1604.865532,42,164.3889031,26,Female,3
309,Google Pixel 5,Android,54,2.377134319,414.6589074,17,858.061482,23,Female,1
310,Xiaomi Mi 11,Android,203,3.560966454,1372.00386,56,2255.713353,21,Male,3
311,Xiaomi Mi 11,Android,589,11.33164942,2244.624492,86,183.2419643,43,Female,5
312,Google Pixel 5,Android,461,,2141.048128,69,719.8681006,34,Female,4
313,Google Pixel 5,Android,41,0.423721808,362.7536841,15,1062.399861,53,Male,1
314,Xiaomi Mi 11,Android,78,0.950084268,358.3974382,11,948.7021239,38,Female,1
315,iPhone 12,iOS,318,5.920333272,2339.890086,67,738.3879123,43,Male,4
316,iPhone 12,iOS,256,5.296788468,1430.982058,52,1252.212679,43,Male,3
317,iPhone 12,iOS,539,12.20678955,3211.498677,83,398.5289748,55,Male,5
318,iPhone 12,iOS,,3.871068986,1027.981815,22,328.1606449,19,Female,2
319,OnePlus 9,Android,557,10.97624272,2322.164875,97,2268.425611,22,Male,5
320,Xiaomi Mi 11,Android,380,8.38475757,2199.33511,77,2807.827084,30,Male,4
321,Google Pixel 5,,149,4.068504959,756.1802152,34,340.4397288,51,Male,2
322,Google Pixel 5,Android,227,4.791571065,1444.808496,57,499.7466047,21,Male,3
323,Samsung Galaxy S21,Android,529,11.93578504,3465.833544,82,1554.773746,46,Male,5
324,Google Pixel 5,Android,119,2.790831698,577.5060729,36,165.6539827,52,Male,2
325,Google Pixel 5,Android,498,10.24176126,2771.4564,94,754.3597015,42,,5
326,Google Pixel 5,Android,544,9.643265979,3140.565495,97,1414.418239,28,Female,5
327,Google Pixel 5,Android,88,2.163425684,655.9684958,13,417.5600674,43,Male,1
328,OnePlus 9,Android,212,5.185275491,1048.602623,49,187.5478788,23,Female,3
329,Samsung Galaxy S21,Android,30,2.859457196,1939.051402,19,492.0511028,45,Male,1
330,Google Pixel 5,Android,274,5.137538388,1497.961829,56,558.1410401,57,Female,3
331,Google Pixel 5,Android,594,9.563123837,2731.909093,91,1729.832149,56,Male,5
332,iPhone 12,iOS,156,2.732024171,881.7606518,37,1496.544676,57,Female,2
333,Google Pixel 5,Android,448,6.192379292,1691.723633,71,693.9491172,51,Male,4
334,Samsung Galaxy S21,Android,47,0.271348073,528.2094328,18,1937.557641,36,Male,1
335,iPhone 12,iOS,227,3.724960185,1199.413227,56,1183.853107,22,Female,3
336,iPhone 12,iOS,577,8.442012377,2937.99039,89,1334.161514,29,Female,5
337,OnePlus 9,Android,153,2.27603059,875.7872243,25,,37,Female,2
338,Samsung Galaxy S21,Android,94,4.375947734,624.7605962,30,632.9468179,49,Male,2
339,Google Pixel 5,Android,132,2.124704597,1133.108823,32,187.1776127,20,,2
340,Google Pixel 5,Android,50,3.610880657,389.9836682,,253.1970756,59,Male,1
341,OnePlus 9,Android,462,6.369694491,2248.385892,65,1034.373428,57,Female,4
342,OnePlus 9,Android,106,3.675347106,722.338712,32,158.2949529,27,Male,2
343,Samsung Galaxy S21,Android,91,2.946344766,991.3148629,38,231.9313273,52,Male,2
344,Google Pixel 5,Android,175,2.721526111,904.1706722,32,331.5515932,24,Male,2
345,Google Pixel 5,Android,587,11.62975725,2428.080787,90,669.9308579,47,Male,5
346,Samsung Galaxy S21,Android,107,3.092173648,1000.148835,24,474.0277506,29,Female,2
347,iPhone 12,iOS,102,,888.4230816,,123.2358559,20,Female,2
348,Samsung Galaxy S21,Android,202,5.19877392,1567.331081,45,1104.520094,29,Male,3
349,iPhone 12,iOS,264,5.568689016,1805.423937,44,,44,Male,3
350,Samsung Galaxy S21,Android,234,5.024750706,1774.838889,58,254.7874152,58,Male,3
351,Google Pixel 5,Android,105,3.024495647,827.4768337,29,953.2859762,31,Female,2
352,Xiaomi Mi 11,Android,68,1.839600959,299.9913229,10,1039.795867,31,Female,1
353,iPhone 12,,332,6.425748888,2106.517119,68,133.8892405,20,Female,4
354,Xiaomi Mi 11,Android,80,1.157743823,462.2408949,18,2822.021588,36,Male,1
355,iPhone 12,iOS,597,10.59936753,3042.925755,90,1713.919025,26,Female,5
356,Xiaomi Mi 11,Android,211,3.677952845,1658.187744,54,415.8162519,29,Female,3
357,Samsung Galaxy S21,Android,136,2.209645343,850.7562553,33,351.5698965,42,Male,2
358,OnePlus 9,Android,84,1.671012465,,19,1576.381411,37,Female,1
359,iPhone 12,iOS,368,6.436603216,1858.964204,72,785.9117774,27,Female,4
360,Samsung Galaxy S21,Android,36,2.41804514,253.7660699,15,220.471151,45,Male,1
361,OnePlus 9,Android,598,10.7576375,2972.923784,85,930.4798134,58,Female,5
362,OnePlus 9,Android,539,8.394717315,3267.597225,89,780.4187911,26,Male,5
363,iPhone 12,iOS,74,1.744629209,694.4778907,15,2977.703103,27,Female,1
364,Xiaomi Mi 11,Android,351,6.033611759,1688.836995,79,452.9840107,21,Female,4
365,Samsung Galaxy S21,Android,73,1.136597059,,12,784.1115934,51,Male,1
366,iPhone 12,iOS,299,4.852661395,1225.635058,41,127.7529944,44,Female,3
367,iPhone 12,iOS,507,9.547866621,3015.392595,95,468.4656262,48,Male,5
368,Google Pixel 5,Android,347,6.320067986,2336.14061,61,339.8721426,21,Female,4
369,OnePlus 9,Android,397,6.600558143,2166.915245,77,739.8179875,46,Female,4
370,iPhone 12,iOS,266,5.023487602,1389.772889,59,412.1759361,22,Male,3
371,iPhone 12,iOS,33,1.137339859,320.0777465,16,206.9922529,36,Female,1
372,iPhone 12,iOS,134,1.94563283,752.9045673,23,1247.331584,23,Male,2
373,Xiaomi Mi 11,Android,429,7.077337378,2135.37505,61,705.6625898,46,Male,4
374,iPhone 12,iOS,210,5.643984715,1811.4629,53,248.6362965,55,Female,3
375,OnePlus 9,Android,50,2.755488297,424.0135591,17,147.3850697,34,,1
376,Samsung Galaxy S21,Android,411,8.188943932,2126.450349,72,84.9932151,58,Male,
377,OnePlus 9,Android,151,,1256.656622,38,2685.303054,33,Male,2
378,iPhone 12,,267,4.645634215,1319.019937,59,2205.961263,38,Female,3
379,Google Pixel 5,Android,49,1.99804337,368.2420451,16,1122.833111,46,,1
380,Google Pixel 5,Android,69,0.76311786,458.3140224,17,1738.574351,25,Male,1
381,Google Pixel 5,Android,238,3.968229251,1663.664385,47,2165.782264,41,Female,3
382,Xiaomi Mi 11,Android,68,0.518262197,693.1165768,10,230.2740885,26,Female,
383,OnePlus 9,Android,55,2.219972611,368.023862,12,253.4331349,31,Female,1
384,Google Pixel 5,Android,149,1.947014468,995.7560142,39,401.2192937,49,Male,2
385,Google Pixel 5,Android,99,2.809587487,1012.884961,35,,31,Male,2
386,iPhone 12,iOS,92,4.032913669,1027.492225,26,3012.933283,22,Male,2
387,Xiaomi Mi 11,Android,502,11.81865725,2088.452917,96,1326.524976,39,Male,5
388,Xiaomi Mi 11,Android,575,7.516563993,3094.17851,88,72.49601662,50,Male,5
389,Samsung Galaxy S21,Android,139,3.470171224,782.3645385,24,416.5783411,25,Female,2
390,Google Pixel 5,Android,46,1.842319976,424.0390962,17,1227.324743,23,Male,1
391,OnePlus 9,Android,132,2.882834133,655.735531,32,1834.575743,47,Female,2
392,Google Pixel 5,Android,580,9.163770723,2138.357935,90,692.621423,49,Male,5
393,Xiaomi Mi 11,Android,412,5.769523417,1608.335408,67,2070.695019,18,Male,4
394,Xiaomi Mi 11,Android,186,5.688987877,1744.738413,58,1400.080308,31,Female,3
395,Google Pixel 5,Android,239,4.380127573,1862.493165,56,377.1665442,20,Male,3
396,Samsung Galaxy S21,Android,216,5.73902056,1515.385936,54,764.1455993,55,Male,3
397,Samsung Galaxy S21,Android,130,3.203200322,963.028625,24,230.2564385,37,Male,2
398,OnePlus 9,Android,299,5.034464621,1594.971205,43,435.9458317,42,Female,3
399,Samsung Galaxy S21,Android,,1.530560258,335.4185988,19,2392.06079,29,Male,1
400,Google Pixel 5,Android,49,2.111339589,444.8645143,16,113.4703149,54,Female,1
401,iPhone 12,iOS,550,9.744700427,3332.637744,91,172.6011149,20,Male,5
402,OnePlus 9,Android,534,11.55567921,2577.779869,90,116.2389165,37,Male,5
403,OnePlus 9,Android,98,1.886089659,643.5815014,36,1339.130191,44,Female,2
404,Xiaomi Mi 11,Android,511,11.28435464,2262.248781,97,2273.516549,59,Female,5
405,iPhone 12,iOS,444,7.229699301,2113.627923,77,257.0038058,29,Male,4
406,Samsung Galaxy S21,Android,198,11.36535248,1196.312553,43,772.2631773,27,Male,3
407,Samsung Galaxy S21,Android,70,1.863139346,305.1161142,10,960.8760593,57,Male,1
408,Xiaomi Mi 11,Android,452,7.303157025,2421.071743,61,1881.900068,54,Female,4
409,Xiaomi Mi 11,Android,579,8.82306042,2967.984259,84,130.0830608,34,Male,5
410,Samsung Galaxy S21,Android,360,6.964935809,1831.016496,79,774.8310705,50,Male,4
411,Samsung Galaxy S21,Android,522,11.45179914,2557.560314,93,667.8157872,24,Male,5
412,Xiaomi Mi 11,Android,339,7.094535193,1716.000999,71,1297.30601,51,Male,4
413,OnePlus 9,Android,425,7.272098888,2445.966517,66,1122.822597,19,Female,4
414,Google Pixel 5,Android,307,5.257652405,2127.739332,76,904.9243246,25,Female,4
415,OnePlus 9,Android,69,0.449555883,426.6810375,12,481.5791165,42,Male,1
416,iPhone 12,iOS,558,9.937877245,3235.854853,83,364.2145408,25,Female,5
417,Google Pixel 5,Android,279,5.584610632,1415.476776,47,845.5281671,50,Female,3
418,OnePlus 9,Android,83,3.691805119,606.283481,15,673.4278595,44,Male,1
419,Google Pixel 5,Android,493,11.15946407,3145.907727,88,255.5921298,57,Male,5
420,Samsung Galaxy S21,Android,506,12.10367232,2466.432545,98,421.4213301,48,Male,5
421,Samsung Galaxy S21,Android,473,7.046573676,2215.149476,79,113.5497848,23,Female,4
422,OnePlus 9,Android,138,1.246257651,618.6157912,22,379.3376964,41,Female,2
423,Xiaomi Mi 11,Android,57,0.762703962,413.6971791,16,1332.447682,37,Male,1
424,iPhone 12,iOS,44,1.389500078,497.6521587,10,325.1107132,57,Female,1
425,,Android,99,2.716300629,1127.797971,22,173.0214769,50,Female,2
426,Xiaomi Mi 11,Android,447,6.666452695,1597.401688,63,372.9882062,48,Male,
427,Google Pixel 5,Android,218,4.364353506,1244.872102,47,295.6516961,25,Male,3
428,Samsung Galaxy S21,Android,159,3.216534685,716.7273495,33,3009.339702,30,Male,2
429,iPhone 12,iOS,551,7.617884989,3048.420208,92,296.4372835,51,Male,5
430,Xiaomi Mi 11,Android,134,3.258975305,732.829004,35,324.8870639,28,Female,2
431,Xiaomi Mi 11,Android,206,5.830915926,1591.515825,47,2634.149578,30,Male,3
432,Google Pixel 5,Android,225,,1373.575655,44,683.4446722,55,Female,3
433,OnePlus 9,Android,149,2.533211037,1408.703348,28,660.0794631,29,Male,2
434,Google Pixel 5,Android,442,6.742362885,2298.149203,69,2138.7628,45,Male,4
435,OnePlus 9,Android,397,5.851796257,2182.610211,66,824.2752969,40,Male,4
436,iPhone 12,iOS,262,3.145916374,1532.451581,52,338.3537802,36,Male,3
437,OnePlus 9,Android,329,7.512434563,1596.318693,69,1020.467498,23,Male,4
438,OnePlus 9,Android,382,7.566358533,2127.721074,67,1935.455706,22,Male,4
439,OnePlus 9,Android,104,2.420730949,681.7852839,,1175.233022,30,Male,2
440,Google Pixel 5,Android,,10.00275381,3221.339454,91,708.4156654,35,Female,5
441,Samsung Galaxy S21,Android,36,0.897814159,366.8292779,17,1538.734189,,Male,1
442,Google Pixel 5,Android,120,2.82352613,687.302726,38,187.1609142,56,Female,2
443,,Android,110,4.020917897,1080.55349,31,266.1763438,57,Female,2
444,Samsung Galaxy S21,Android,63,1.379227746,327.9611678,11,559.7798092,42,Male,1
445,Xiaomi Mi 11,Android,384,6.99843517,2359.491558,72,1324.625489,59,Male,4
446,Samsung Galaxy S21,Android,248,5.046879009,1134.424371,52,277.1769812,,Male,3
447,OnePlus 9,Android,86,1.010757177,303.5096613,16,1226.938395,32,Male,1
448,Xiaomi Mi 11,Android,274,3.322157389,1468.284859,52,573.1450965,28,Male,3
449,iPhone 12,iOS,168,3.447202095,821.4398198,38,776.8858256,43,Male,2
450,Xiaomi Mi 11,Android,33,1.212066108,339.2195033,11,913.2987902,42,Female,1
451,Samsung Galaxy S21,Android,593,10.15901077,2937.337881,82,180.6238026,34,Female,5
452,iPhone 12,iOS,47,1.314861658,389.7354766,14,865.8633256,39,Male,1
453,iPhone 12,iOS,121,2.880048493,620.9064679,34,994.1722753,39,Male,2
454,OnePlus 9,Android,395,7.468320125,2288.898852,61,866.9988486,55,Female,4
455,Samsung Galaxy S21,Android,75,1.431021562,317.889062,12,1081.280087,45,Male,1
456,Google Pixel 5,Android,97,3.439601624,1172.697293,37,738.1084201,41,Male,2
457,Xiaomi Mi 11,Android,97,2.209585643,1265.89414,38,933.8452245,53,Male,2
458,Samsung Galaxy S21,Android,42,2.06938165,279.7998403,,594.6504827,52,Female,1
459,Samsung Galaxy S21,Android,566,9.118252473,2367.768136,89,469.6240289,51,Female,5
460,,iOS,170,1.679905622,969.4908949,38,298.134896,23,Male,
461,Google Pixel 5,Android,163,3.744044803,608.536708,21,694.5800759,23,Male,2
462,Google Pixel 5,Android,383,6.172969278,7086.916272,74,2082.122572,45,Male,4
463,Google Pixel 5,Android,,,1193.134973,50,249.7956768,52,Male,3
464,Samsung Galaxy S21,Android,528,11.23587534,2856.568194,87,239.8626411,34,Male,5
465,iPhone 12,iOS,139,3.519590702,710.7355726,33,597.5111852,58,Female,2
466,Samsung Galaxy S21,Android,340,7.633254233,1735.642096,75,956.3084433,42,Female,4
467,OnePlus 9,Android,140,2.370416896,911.2066429,31,995.4030011,59,Male,2
468,iPhone 12,iOS,122,3.883902237,889.8383445,30,789.1263945,26,Male,2
469,Samsung Galaxy S21,Android,120,4.038871018,657.0333864,35,446.9755087,26,Male,2
470,Google Pixel 5,Android,516,11.91621725,2408.675069,91,157.3858194,53,Male,5
471,Xiaomi Mi 11,Android,100,2.486563341,1093.13394,31,835.258712,48,Female,2
472,iPhone 12,iOS,541,11.21446489,2887.306995,89,919.6846043,34,Female,5
473,Xiaomi Mi 11,Android,190,5.306420336,1286.028498,57,399.4670149,22,Female,3
474,Samsung Galaxy S21,Android,289,5.209355534,1291.473993,48,428.7814434,30,Male,3
475,OnePlus 9,Android,102,4.68412211,759.2852938,36,1362.625804,49,Female,2
476,iPhone 12,iOS,325,6.811174361,1869.735097,64,817.9108886,56,Male,4
477,Xiaomi Mi 11,Android,488,8.599282914,2928.11558,84,,19,Male,5
478,,Android,502,8.221656573,3052.567019,90,395.2681864,27,,5
479,OnePlus 9,Android,574,8.724493775,2451.897625,87,158.1230844,34,Female,5
480,Google Pixel 5,Android,242,6.166966649,1320.858644,48,226.4671853,28,Male,3
481,iPhone 12,iOS,518,8.619544138,3211.077823,93,1871.855184,34,Female,5
482,Xiaomi Mi 11,Android,511,9.985451597,2370.029969,91,969.2443513,21,Male,5
483,iPhone 12,iOS,170,3.391564674,710.5184096,26,1117.442066,53,Female,2
484,iPhone 12,iOS,258,5.084263444,1405.082744,44,181.5770147,59,Female,3
485,Google Pixel 5,Android,116,2.583118092,1125.881989,22,103.5059197,33,Female,2
486,iPhone 12,iOS,523,8.548299941,2914.651768,92,520.1052844,21,Male,5
487,OnePlus 9,Android,46,1.884955157,262.0243291,15,119.1811377,42,Male,1
488,iPhone 12,iOS,191,5.557378816,1144.828795,53,2406.51168,19,,3
489,Google Pixel 5,Android,260,5.206283199,1680.329641,56,718.2622629,36,Female,3
490,Xiaomi Mi 11,Android,522,10.55097678,2945.541526,,1015.293973,27,Female,5
491,iPhone 12,iOS,181,3.546736303,1563.107668,43,590.8034498,22,Female,3
492,Google Pixel 5,Android,225,5.415665934,1354.53899,55,336.3217864,36,Female,3
493,Samsung Galaxy S21,Android,230,4.922996588,1347.219614,55,732.6445392,54,Female,3
494,iPhone 12,iOS,461,5.820964086,1965.028975,62,458.172494,21,Male,4
495,OnePlus 9,Android,473,5.941039027,2123.175802,74,378.7514771,,Male,
496,Google Pixel 5,Android,252,5.027402158,1669.375066,45,175.9233934,50,Female,3
497,Xiaomi Mi 11,Android,46,1.381756668,642.7407897,18,1114.625041,28,Female,1
498,Xiaomi Mi 11,Android,264,4.154797173,1271.776574,52,298.9988805,27,Female,3
499,Xiaomi Mi 11,Android,416,6.722727961,2074.474974,,1142.251441,32,Female,4
500,OnePlus 9,Android,410,,2076.886476,68,133.6867329,45,Female,4
501,OnePlus 9,Android,80,0.943022722,464.575343,14,415.2347479,19,Male,1
502,Google Pixel 5,Android,60,1.67372391,686.9576696,14,1214.651152,35,Female,1
503,OnePlus 9,Android,119,1.697620567,1215.048913,22,1690.536775,51,Male,2
504,Samsung Galaxy S21,Android,443,7.328647479,2372.313398,73,1642.243656,33,Male,4
505,Samsung Galaxy S21,Android,179,3.949878628,1169.644744,30,981.1661614,56,Male,2
506,Xiaomi Mi 11,Android,278,4.320859082,1482.786802,56,508.9402047,40,Female,3
507,iPhone 12,iOS,431,5.622314616,2342.257821,66,368.5900859,23,Female,4
508,iPhone 12,iOS,83,,397.5539595,11,1163.257648,46,Male,1
509,Google Pixel 5,Android,66,1.516188219,576.8002377,17,421.8034746,33,Male,1
510,Samsung Galaxy S21,Android,216,4.766725596,1295.133156,54,586.5359449,45,Female,3
511,Xiaomi Mi 11,Android,52,1.60723666,374.1178122,19,,,Male,1
512,OnePlus 9,Android,441,7.481705014,2171.323248,74,359.3145886,57,Male,4
513,Google Pixel 5,Android,156,4.052306847,963.0809393,34,961.8914126,26,Male,2
514,iPhone 12,iOS,290,,1822.317305,50,2781.505336,23,Male,3
515,OnePlus 9,Android,496.9162295,4.642857806,1609.330638,54,1941.570871,25,Female,3
516,iPhone 12,iOS,402,8.740704275,2271.721908,79,1744.548773,34,Female,4
517,Google Pixel 5,Android,529,8.212713592,2245.160194,96,1996.057593,35,Male,5
518,,Android,122,3.68062233,1066.846808,32,1620.869726,43,Male,2
519,Samsung Galaxy S21,Android,68,1.001407507,560.1225506,12,598.1480129,29,Male,1
520,Xiaomi Mi 11,Android,81,2.316931024,443.0879724,17,578.2367091,40,Male,1
521,OnePlus 9,Android,151,3.506291487,1332.603646,32,1170.158077,41,Female,2
522,Samsung Galaxy S21,Android,411,8.520683069,1892.571119,75,1083.385619,33,Female,4
523,Xiaomi Mi 11,Android,226,4.229545833,1807.63862,45,1212.911777,27,Female,3
524,Xiaomi Mi 11,Android,522,10.95093835,3354.030303,86,662.7572453,42,Male,5
525,Google Pixel 5,Android,584,10.59396999,2378.77533,99,174.3346448,49,Female,5
526,iPhone 12,iOS,73,1.187431247,301.8986381,15,914.7821155,39,Female,1
527,Xiaomi Mi 11,,88,0.710259964,312.3616571,11,213.1178412,22,Male,1
528,OnePlus 9,Android,105,3.885844572,590.7913335,24,1291.794037,52,Female,2
529,Google Pixel 5,Android,71,0.736818825,482.6095535,17,526.3932737,33,Male,1
530,iPhone 12,iOS,98,1.955086831,662.8954076,24,2465.509745,56,Male,2
531,Xiaomi Mi 11,Android,47,1.8664873,522.7819009,18,214.8323851,55,Male,1
532,Xiaomi Mi 11,Android,97,4.019765619,824.2914729,39,1376.543214,36,Female,2
533,iPhone 12,iOS,411,8.233394985,2171.73532,71,203.2863953,40,Male,4
534,OnePlus 9,Android,553,11.86539447,2335.530612,81,1548.429871,47,Male,5
535,Samsung Galaxy S21,Android,157,3.325987976,1235.658612,30,528.451848,37,Female,2
536,Xiaomi Mi 11,Android,101,3.52149829,691.4272963,28,1961.753189,43,Male,2
537,Google Pixel 5,Android,186,4.497361163,1632.265947,53,1583.084848,20,Female,3
538,OnePlus 9,Android,592,9.344682472,2544.849995,,2153.018442,27,Female,5
539,iPhone 12,iOS,66,1.070961357,667.7371677,17,335.3732237,42,Female,1
540,OnePlus 9,Android,512,9.800744281,2300.714232,82,1795.838504,,Male,5
541,OnePlus 9,Android,98,2.530094732,945.2287245,32,2795.031186,28,Male,2
542,Google Pixel 5,Android,335,7.145007782,1867.955882,68,511.1505154,18,Male,4
543,iPhone 12,iOS,492,10.85715461,2252.252054,90,344.0663962,31,Male,5
544,OnePlus 9,Android,584,9.296576356,2846.066262,84,1178.26341,32,Male,5
545,Samsung Galaxy S21,Android,223,4.824718113,1488.738866,44,2151.509834,39,Male,3
546,iPhone 12,iOS,182,4.036369343,1689.573924,51,268.4702559,43,Female,3
547,Google Pixel 5,Android,295,5.545863757,4096.911966,45,1055.131586,27,Female,3
548,Xiaomi Mi 11,Android,537,10.55515645,2816.98762,83,1199.596491,35,Male,5
549,OnePlus 9,Android,288,4.660741176,1186.136733,49,498.059499,36,Female,3
550,Google Pixel 5,Android,1370.803392,12.14433902,2405.770329,95,959.7347493,25,Female,5
551,OnePlus 9,Android,129,4.275597662,967.232252,27,471.1131062,36,Female,2
552,Google Pixel 5,Android,298,3.829978991,1683.39163,59,923.2492731,36,Female,3
553,Google Pixel 5,Android,116,1.792722997,867.5094695,29,465.5321695,28,Female,2
554,Samsung Galaxy S21,Android,501,11.90400804,3103.259913,86,1084.83301,31,Female,5
555,OnePlus 9,Android,138,3.291010059,1332.620927,31,465.994721,29,Female,2
556,Google Pixel 5,Android,74,1.350037323,335.0254372,13,1493.170389,44,Female,
557,Xiaomi Mi 11,Android,201,3.124001026,1700.253797,50,1064.034921,18,Male,
558,iPhone 12,iOS,386,7.546999372,1759.022773,,279.4406325,51,Male,4
559,iPhone 12,iOS,65,2.342943971,462.7671627,17,1795.566044,51,Female,1
560,Samsung Galaxy S21,Android,102,2.582821025,720.2323745,38,,28,Male,2
561,OnePlus 9,Android,92,3.394559041,826.9545474,31,,27,Male,2
562,Google Pixel 5,Android,37,1.978795084,486.1673783,18,259.0244774,52,Male,1
563,OnePlus 9,Android,257,6.746271419,1693.97916,49,1885.041877,40,Female,3
564,Xiaomi Mi 11,Android,139,2.588843053,766.064829,37,2137.376562,26,Female,2
565,Samsung Galaxy S21,Android,62,0.554659101,597.5844307,18,1318.85071,46,Male,1
566,Samsung Galaxy S21,Android,348,6.540326366,1939.916453,66,1182.250521,49,Female,4
567,Samsung Galaxy S21,Android,62,2.657810443,404.8349508,13,1132.04885,44,Male,1
568,Google Pixel 5,Android,104,2.727821639,1122.811056,29,444.4920241,39,Male,2
569,Google Pixel 5,Android,417,5.921796413,1893.990678,63,719.1614928,35,Female,4
570,OnePlus 9,Android,182,4.31591674,1344.856283,42,1783.771659,54,Female,3
571,iPhone 12,iOS,142,4.179911698,501.9021572,25,2187.196486,40,Female,2
572,Google Pixel 5,Android,404,,1783.24958,63,568.6502903,44,Male,4
573,OnePlus 9,Android,162,4.14316141,820.7325154,36,1083.449503,51,Male,2
574,Xiaomi Mi 11,Android,131,1.65993123,879.4690424,26,1776.715995,40,Male,2
575,Samsung Galaxy S21,Android,272,5.218263999,1568.621014,45,623.5294415,57,Female,3
576,Samsung Galaxy S21,Android,32,1.224368219,475.8568388,19,136.6061126,20,Female,1
577,iPhone 12,iOS,567,10.95043665,2889.154875,89,186.5112257,52,Male,5
578,Xiaomi Mi 11,Android,92,3.302268469,,27,888.4511334,44,Male,2
579,OnePlus 9,Android,580,9.883147663,2124.744493,81,429.8622637,37,Female,5
580,Samsung Galaxy S21,Android,114,3.472063583,2898.4332,31,1123.332188,28,Male,2
581,Samsung Galaxy S21,,205,5.196039708,1558.572012,49,1921.308484,36,Male,3
582,Xiaomi Mi 11,Android,326,7.667437924,2518.001427,73,733.5421088,50,Male,4
583,iPhone 12,iOS,46,4.188644963,503.7342312,10,1428.524294,31,Male,1
584,Google Pixel 5,Android,45,1.30837109,284.1679474,16,106.7477695,57,,1
585,Xiaomi Mi 11,Android,519,11.94542232,2629.58552,93,1238.693466,47,Female,5
586,Samsung Galaxy S21,Android,523,9.269084078,2914.719925,91,303.3244943,20,Female,5
587,Samsung Galaxy S21,Android,405,7.805554679,1866.003008,75,1058.160405,37,Female,4
588,Google Pixel 5,Android,64,1.946358544,360.8935502,15,2125.504904,56,Male,1
589,Google Pixel 5,Android,78,1.71076063,456.7585778,15,1718.140696,37,Female,1
590,Samsung Galaxy S21,Android,168,3.813572739,1002.424386,29,377.9176891,54,Male,2
591,iPhone 12,,517,11.85623612,2316.100248,90,123.0674854,20,Male,5
592,Samsung Galaxy S21,Android,192,4.588625529,1591.899209,42,1560.500126,47,Female,3
593,OnePlus 9,Android,555,10.22094411,2715.838116,95,1368.754903,24,Male,5
594,iPhone 12,iOS,187,,1409.656753,58,358.4324968,31,Female,3
595,iPhone 12,iOS,496,9.597089748,2556.781135,84,397.8806138,56,Female,5
596,OnePlus 9,Android,236,3.758005303,1991.254338,,2137.768477,21,Female,3
597,Google Pixel 5,Android,59,1.76446452,382.7160982,18,1097.996765,25,Female,1
598,Samsung Galaxy S21,Android,537,9.277826219,2633.648985,86,1186.174795,22,Male,5
599,Xiaomi Mi 11,Android,147,3.854670372,1081.550698,33,1305.309006,25,Female,2
600,Xiaomi Mi 11,Android,582,8.812232413,2643.755536,91,334.2640325,55,Female,5
601,Samsung Galaxy S21,Android,138,4.548646763,884.4462886,25,480.7551744,27,Female,2
602,Google Pixel 5,Android,278,3.752142211,1765.320381,55,145.2432719,21,,3
603,Samsung Galaxy S21,Android,495,9.343285103,3063.968215,84,368.5558427,31,Female,5
604,Xiaomi Mi 11,Android,83,2.270439206,338.4335186,19,223.8831303,51,Male,1
605,Google Pixel 5,Android,512,10.36504674,1988.656415,89,1590.814077,33,Male,5
606,OnePlus 9,Android,42,2.197925579,417.9443133,,,21,Male,1
607,iPhone 12,iOS,159,2.938792929,1082.212741,32,1989.93063,38,Male,2
608,Google Pixel 5,Android,,8.364100128,2090.637479,94,1382.767996,21,Male,5
609,Samsung Galaxy S21,Android,525,11.29801748,2457.630779,99,1087.916128,57,Male,5
610,OnePlus 9,Android,121,3.477214947,704.1982541,36,115.3741618,47,Male,2
611,Xiaomi Mi 11,Android,202,,1334.81912,43,551.572369,27,Female,3
612,OnePlus 9,Android,337,6.610434453,1956.482073,76,894.1846026,58,,4
613,Samsung Galaxy S21,Android,379,7.339391011,1550.737717,64,1096.136675,22,Female,4
614,Google Pixel 5,Android,274,4.480313012,1465.867338,54,962.8969109,53,Male,3
615,Samsung Galaxy S21,Android,497,8.809315089,3262.950828,94,97.49372158,18,Male,5
616,Xiaomi Mi 11,Android,79,1.655162995,459.0401788,14,985.9080083,55,Male,1
617,Xiaomi Mi 11,,541,9.386367382,2037.05094,93,2642.446489,53,Female,5
618,Xiaomi Mi 11,Android,125,2.072526149,590.0918366,34,1517.055332,31,,2
619,Samsung Galaxy S21,Android,541,10.31986745,2390.122516,98,299.601334,32,Male,5
620,OnePlus 9,Android,350,7.030288021,2683.711345,75,1180.645659,20,Male,4
621,Samsung Galaxy S21,Android,459,6.162066866,2189.217614,67,1552.350032,43,Male,4
622,iPhone 12,iOS,189,4.89690242,1790.352148,53,1001.156354,49,Female,3
623,Xiaomi Mi 11,Android,86,2.664913961,437.3143664,19,1013.465223,54,Male,1
624,Xiaomi Mi 11,Android,240,5.554288018,1618.606758,52,1399.731118,56,Female,3
625,Xiaomi Mi 11,Android,87,1.159110578,620.0744965,19,698.1544001,36,Female,1
626,OnePlus 9,Android,106,3.265728029,1066.964429,22,1959.05279,51,,2
627,OnePlus 9,Android,75,1.243110193,1118.733261,15,77.22265968,37,Male,1
628,iPhone 12,iOS,402,7.866580143,2568.007153,78,899.9661705,40,Male,4
629,Samsung Galaxy S21,Android,125,2.462479421,606.2959075,28,1183.075549,27,Female,2
630,Samsung Galaxy S21,Android,30,1.783313223,573.9036921,15,284.233904,34,Male,1
631,OnePlus 9,Android,65,2.167886936,498.0931945,18,410.1728641,41,Male,1
632,OnePlus 9,Android,441,7.128217047,2317.45623,78,2701.049532,23,Female,4
633,Samsung Galaxy S21,Android,123,2.975125328,880.4855509,36,122.68256,55,Male,2
634,iPhone 12,iOS,74,2.42695797,396.0762156,13,880.9428462,27,Female,1
635,Xiaomi Mi 11,Android,68,1.819144976,340.7249283,10,726.4461683,31,Female,1
636,Samsung Galaxy S21,Android,381,6.32798872,2452.740749,69,739.1722831,20,Male,4
637,iPhone 12,iOS,127,3.567613596,2919.406147,35,288.8354658,37,Female,2
638,Xiaomi Mi 11,Android,53,2.435004696,506.7581413,15,1583.560132,42,Male,1
639,Xiaomi Mi 11,Android,201,4.627205348,1382.873023,41,1232.789792,32,Female,3
640,Google Pixel 5,Android,97,3.579404986,,36,1197.024383,53,Male,2
641,Google Pixel 5,Android,318,7.020397043,2165.920452,77,883.6724701,49,Female,4
642,Xiaomi Mi 11,Android,66,1.088484485,,12,342.8094808,36,Male,1
643,Samsung Galaxy S21,Android,60,1.174286328,478.0330903,15,662.6499239,40,Male,1
644,Xiaomi Mi 11,Android,119,1.818506523,661.3833881,31,457.8808822,50,Female,2
645,OnePlus 9,Android,268,4.792809657,1438.068566,42,612.7792591,47,Female,3
646,Xiaomi Mi 11,Android,,3.444047242,1079.79416,37,109.7197434,45,Male,2
647,Xiaomi Mi 11,Android,,2.277303214,1291.333599,21,900.7497843,18,Male,2
648,OnePlus 9,Android,565,10.98520605,2280.388251,99,324.8438222,51,Female,5
649,Xiaomi Mi 11,Android,301,5.658320908,2105.891434,71,1912.950474,29,Male,4
650,Xiaomi Mi 11,Android,593,9.323459888,2225.873953,81,1069.470249,38,Female,5
651,Google Pixel 5,Android,267,6.870432941,1684.776651,45,90.60935731,22,Male,3
652,OnePlus 9,Android,105,3.22141569,777.371984,28,146.6842604,51,Male,2
653,iPhone 12,iOS,143,4.833876351,1290.471718,24,244.9309225,45,Male,2
654,Xiaomi Mi 11,Android,516,12.28308301,1973.783651,82,215.9398487,29,Female,5
655,Google Pixel 5,Android,291,4.739819869,1760.475429,46,1614.226147,32,Female,3
656,iPhone 12,iOS,64,1.435564758,490.1700053,13,2564.604318,30,Male,1
657,Xiaomi Mi 11,Android,290,3.409256756,1358.315425,55,722.8793822,44,Male,3
658,iPhone 12,iOS,308,8.136471846,1828.576618,73,1952.949561,37,Female,4
659,Xiaomi Mi 11,Android,564,11.75559918,3315.533844,81,325.2296274,37,Female,5
660,Xiaomi Mi 11,Android,215,4.878807198,1577.293416,43,487.6766991,43,Male,
661,OnePlus 9,,74,1.075038452,283.5129814,11,714.5153504,55,Female,1
662,iPhone 12,iOS,325,5.448502832,1976.018629,70,1045.900589,30,Female,4
663,Samsung Galaxy S21,Android,72,1.422145759,420.8445866,13,1275.878102,32,Male,1
664,Google Pixel 5,Android,179,,1076.228964,32,164.0686775,38,Male,2
665,Google Pixel 5,,595,11.38796699,3147.551293,88,714.5959724,30,Male,5
666,OnePlus 9,Android,69,2.272734795,451.7525285,12,145.9105786,42,Male,1
667,Samsung Galaxy S21,Android,89,1.566754462,280.8111333,16,86.78296206,58,Female,1
668,iPhone 12,iOS,444,6.504387517,1888.284867,61,1066.870605,39,Female,4
669,Xiaomi Mi 11,Android,378,7.212504523,1794.965783,78,266.6198418,48,Female,4
670,Google Pixel 5,Android,493,9.369787217,2306.141503,99,616.4824139,47,Male,5
671,Samsung Galaxy S21,Android,451,,2651.065792,69,565.6411532,44,Male,4
672,Google Pixel 5,Android,116,4.195841256,1233.28543,26,364.0821925,35,Female,2
673,Google Pixel 5,Android,71,1.27193884,530.9807961,15,1836.848681,33,Female,1
674,Samsung Galaxy S21,Android,42,1.533542802,384.7532386,11,243.9458703,32,Female,1
